<?xml version="1.0" encoding="UTF-8"?>
<beans xmlns="http://www.springframework.org/schema/beans"
	xmlns:xsi="http://www.w3.org/2001/XMLSchema-instance"
	xsi:schemaLocation="http://www.springframework.org/schema/beans
        https://www.springframework.org/schema/beans/spring-beans.xsd">

	<!-- <bean id="employeeController" class="com.cognizant.springlearn.controller.EmployeeController"> 
		<property name="employeeService" ref="employeeService" /> </bean> <bean id="employeeService" 
		class="com.cognizant.springlearn.service.EmployeeService"> <property name="employeeDao" 
		ref="employeeDao" /> </bean> <bean id="employeeDao" class="com.cognizant.springlearn.dao.EmployeeDao" 
		/> -->


 
	<bean id="employeeController"
		class="com.cognizant.springlearn.controller.EmployeeController"
		autowire="byName">
	</bean>

	<bean id="employeeService"
		class="com.cognizant.springlearn.service.EmployeeService"
		autowire="byName">
	</bean>

	<bean id="employeeDao"
		class="com.cognizant.springlearn.dao.EmployeeDao" />
		
		

</beans>