<?xml version="1.0" encoding="UTF-8"?>
<!DOCTYPE hibernate-mapping PUBLIC
    "-//Hibernate/Hibernate Mapping DTD 3.0//EN"
    "http://hibernate.sourceforge.net/hibernate-mapping-3.0.dtd">
<hibernate-mapping>
    <class name="Address" table="Address11">
    
        
    

        <id name="addressId" type="long" column="addressId">
            <generator class="native" />
        </id>
        <property name="street" type="string" not-null="true" />
        <property name="city" type="string" not-null="true" />
        <property name="state" type="string" not-null="true" />
        <property name="pincode" type="string" not-null="true" />
        <property name="houseno" type="string" not-null="true" />
    </class>
</hibernate-mapping>