<?xml version="1.0" encoding="UTF-8"?>
<!DOCTYPE hibernate-mapping PUBLIC
    "-//Hibernate/Hibernate Mapping DTD 3.0//EN"
    "http://hibernate.sourceforge.net/hibernate-mapping-3.0.dtd">
<hibernate-mapping>
    
    <class name="Employee" table="Employee11">
                  
        <id name="empid" type="long" column="empid">
        
            <generator class="native" />  
            
        </id>
        
               
        <property name="ename" type="string" column="ename" not-null="true" />
        
        <property name="job" type="string" column="job" not-null="true" />
        
        <property name="sal" type="integer" column="sal" not-null="true" />
        
        <property name="deptno" type="integer" column="deptno"
            not-null="true" />
            
        <many-to-one name="employeeAddress" class="Address" column="addressId" cascade="all" unique="true"/>
    
    </class>
</hibernate-mapping>