<?xml version="1.0" encoding="UTF-8"?>
<beans xmlns="http://www.springframework.org/schema/beans"
	xmlns:xsi="http://www.w3.org/2001/XMLSchema-instance"
	xsi:schemaLocation="http://www.springframework.org/schema/beans
        https://www.springframework.org/schema/beans/spring-beans.xsd">



	<bean id="emp1" class="com.cognizant.springlearn.Employee">
		<property name="empid" value="769889" />
		<property name="name" value="Aswin" />
		<constructor-arg ref ="adrs"/>
		
	</bean>
	
	<bean id="adrs" class="com.cognizant.springlearn.Address">
		<property name="location" value="Adambakkam" />
		<property name="city" value="Chennai" />
				
	</bean>
	

</beans>